data,1,2,3,4,5,6,7,8,9,10,11,12,13,14,15,16,17,18,19,20
2000-06-30,0.0,0.0,0.0,0.0,0.0,0.0,0.0,0.0,0.0,0.0,0.0,0.0,0.0,0.0,0.0,0.0,0.0,0.0,0.0,0.0
2000-07-31,3.1875,2.5,1.0,1.2916666666666667,0.7,1.325,0.7916666666666666,1.125,2.875,2.8125,1.375,1.25,1.0,1.125,3.4166666666666665,1.9375,1.875,2.5625,3.4375,0.0
2000-08-31,3.625,5.458333333333333,12.21875,8.625,8.85,3.675,3.5833333333333335,10.791666666666666,3.25,5.125,8.4375,7.0,7.25,6.0,13.291666666666666,9.03125,9.8125,5.75,5.1875,0.0
2000-09-30,54.3125,50.833333333333336,83.875,85.375,75.325,31.325,44.541666666666664,127.29166666666667,83.1875,100.1875,110.5625,108.375,100.08333333333333,65.95833333333333,86.70833333333333,95.5,118.1875,123.9375,119.1875,0.0
2000-10-31,88.15625,79.97916666666667,74.609375,119.08333333333333,82.675,63.5125,101.85416666666667,152.16666666666666,164.21875,155.09375,165.9375,149.4375,131.27083333333334,139.9375,187.70833333333334,185.140625,234.4375,177.9375,211.34375,32.8
2000-11-30,164.65625,197.375,248.0,274.6041666666667,281.0375,222.5,235.08333333333334,270.7083333333333,207.9375,218.125,189.125,208.75,228.02083333333334,225.625,189.9375,190.0625,258.5,226.21875,266.78125,239.6
2000-12-31,239.59375,238.16666666666666,258.953125,257.1041666666667,249.15,224.125,246.04166666666666,338.3541666666667,313.1875,305.84375,324.375,320.3125,306.375,280.8125,376.125,395.71875,423.125,407.09375,374.1875,211.2
2001-01-31,186.75,191.79166666666666,217.796875,215.25,209.0875,214.05,217.97916666666666,180.625,199.96875,174.9375,155.96875,134.25,240.22916666666666,197.72916666666666,163.41666666666666,146.25,154.3125,150.40625,196.53125,245.0
2001-02-28,115.875,110.39583333333333,123.546875,162.52083333333334,139.725,107.8875,158.02083333333334,171.10416666666666,220.5,233.21875,214.96875,183.25,194.8125,196.85416666666666,134.5,192.265625,184.3125,262.375,232.25,94.30000000000001
2001-03-31,304.21875,310.0833333333333,304.4375,403.8541666666667,337.875,269.575,350.6458333333333,383.8541666666667,365.84375,370.96875,387.5,419.375,434.1458333333333,434.7708333333333,335.6458333333333,367.59375,349.375,381.9375,377.6875,225.60000000000002
2001-04-30,106.4375,104.625,146.125,62.458333333333336,87.05,102.0875,77.08333333333333,47.854166666666664,92.59375,76.9375,63.84375,61.25,51.8125,65.79166666666667,39.916666666666664,51.1875,62.8125,65.1875,81.78125,85.5
2001-05-31,58.75,47.125,84.6875,71.625,71.0,62.825,68.0,83.125,77.3125,84.3125,65.3125,54.25,55.333333333333336,74.95833333333333,63.666666666666664,91.34375,77.25,83.75,80.0625,65.7
2001-06-30,10.5,9.666666666666666,8.46875,7.166666666666667,7.825,9.975,9.625,7.0,9.4375,9.1875,8.4375,7.75,8.0,8.833333333333334,8.583333333333334,8.8125,9.6875,9.1875,9.875,0.0
2001-07-31,26.875,23.958333333333332,22.65625,12.916666666666666,17.075,22.3,16.5,9.083333333333334,13.3125,12.25,10.1875,9.125,10.583333333333334,12.75,2.2916666666666665,8.25,7.5625,11.125,10.375,0.0
2001-08-31,42.5,49.0,10.90625,6.75,5.225,14.475,6.916666666666667,4.208333333333333,5.1875,6.25,4.4375,4.125,5.958333333333333,8.666666666666666,5.291666666666667,4.125,3.1875,5.6875,3.6875,16.7
2001-09-30,43.875,58.75,55.65625,47.208333333333336,55.775,53.7,43.541666666666664,37.333333333333336,29.0625,37.375,29.6875,24.75,30.5,39.041666666666664,37.833333333333336,32.0625,34.0625,31.25,32.6875,34.7
2001-10-31,114.125,135.70833333333334,194.09375,150.08333333333334,157.125,173.275,141.0,132.41666666666666,143.375,144.0625,166.125,130.875,154.08333333333334,158.125,197.33333333333334,190.53125,160.4375,177.625,162.3125,93.4
2001-11-30,146.125,153.83333333333334,189.46875,214.75,198.8,218.225,228.5,273.125,263.1875,250.4375,225.3125,224.375,255.70833333333334,233.79166666666666,333.75,309.71875,260.6875,238.0,217.4375,220.7
2001-12-31,370.625,317.625,348.078125,324.8333333333333,329.85,329.2,315.0416666666667,441.7291666666667,326.96875,360.5,439.96875,617.0625,350.625,343.9583333333333,387.5833333333333,403.640625,482.125,382.65625,399.625,318.9
2002-01-31,271.5,228.41666666666666,243.0,248.83333333333334,243.9,233.5625,204.91666666666666,311.1458333333333,191.375,192.59375,169.0625,207.25,220.29166666666666,211.52083333333334,223.75,191.328125,237.40625,190.59375,206.28125,258.1
2002-02-28,280.5625,284.3333333333333,280.5625,273.625,296.45,290.1625,280.625,281.75,272.3125,259.59375,249.96875,265.8125,266.875,270.3541666666667,259.2708333333333,234.09375,255.1875,229.875,237.96875,290.2
2002-03-31,121.71875,182.45833333333334,202.6875,204.14583333333334,188.9125,190.0625,235.72916666666666,231.91666666666666,238.21875,240.84375,247.375,236.625,240.5,227.10416666666666,269.6041666666667,259.203125,264.96875,233.625,236.34375,289.2
2002-04-30,70.25,67.08333333333333,63.65625,56.75,50.65,71.9,47.458333333333336,53.416666666666664,38.6875,37.3125,43.4375,35.375,59.25,44.125,34.208333333333336,37.90625,42.75,33.6875,35.8125,48.5
2002-05-31,27.0625,19.791666666666668,7.625,3.7083333333333335,5.425,12.675,5.541666666666667,2.8541666666666665,4.59375,3.75,3.59375,3.0,2.625,5.520833333333333,3.6458333333333335,2.328125,2.96875,2.625,1.71875,37.6
2002-06-30,13.8125,7.333333333333333,0.03125,0.125,0.125,2.425,0.16666666666666666,0.125,0.125,0.125,0.125,0.125,0.125,0.125,0.25,0.1875,0.25,0.125,0.1875,0.0
2002-07-31,21.5,21.875,34.03125,24.75,27.55,23.575,46.041666666666664,11.083333333333334,46.9375,50.6875,30.25,36.375,22.375,57.75,34.541666666666664,26.90625,13.875,6.8125,6.125,16.3
2002-08-31,10.78125,10.895833333333334,8.125,1.1875,3.8875,8.0875,4.0625,0.625,0.875,0.59375,0.46875,0.75,0.9166666666666666,1.0416666666666667,0.041666666666666664,0.125,0.0625,0.25,0.1875,25.4
2002-09-30,65.25,50.75,37.0,35.666666666666664,38.5,49.3,49.75,32.458333333333336,40.5,37.375,26.375,23.75,27.375,30.291666666666668,60.666666666666664,45.9375,56.3125,35.875,57.0,99.5
2002-10-31,98.5625,118.54166666666667,106.59375,87.375,93.05,86.25,79.0,97.91666666666667,85.8125,75.875,91.9375,90.5,90.70833333333333,95.41666666666667,75.54166666666667,74.40625,72.5,64.25,76.75,122.5
2002-11-30,150.375,152.41666666666666,175.5,213.66666666666666,180.9875,165.5,160.77083333333334,227.875,221.40625,244.28125,275.6875,249.75,244.27083333333334,202.02083333333334,266.8333333333333,273.734375,295.03125,273.53125,256.90625,276.8
2002-12-31,250.9375,278.25,287.09375,210.79166666666666,227.9,286.575,238.125,189.70833333333334,261.6875,231.1875,215.375,222.125,209.41666666666666,213.66666666666666,250.45833333333334,243.6875,306.125,238.375,265.5625,237.3
2003-01-31,267.75,291.75,295.78125,291.7083333333333,333.875,323.85,349.5416666666667,266.0416666666667,380.9375,345.25,339.25,308.375,317.25,369.0416666666667,334.4583333333333,342.5625,343.5625,295.3125,321.0625,449.0
2003-02-28,180.59375,189.77083333333334,195.8125,133.27083333333334,160.0875,170.3625,149.60416666666666,126.35416666666667,142.8125,125.96875,130.0,126.75,117.77083333333333,143.8125,168.29166666666666,132.296875,172.875,139.15625,154.8125,258.6
2003-03-31,399.5625,352.8333333333333,377.46875,318.4791666666667,362.8,368.2375,374.3125,305.1666666666667,343.15625,376.1875,364.78125,349.8125,332.4375,356.6875,399.25,406.828125,362.8125,383.25,363.375,256.2
2003-04-30,222.5,202.375,174.78125,84.29166666666667,116.275,165.025,128.75,81.25,90.75,90.25,88.375,88.125,88.79166666666667,91.04166666666667,101.20833333333333,92.46875,106.125,97.1875,107.5,212.7
2003-05-31,45.3125,17.958333333333332,16.25,33.791666666666664,30.45,16.925,31.25,20.166666666666668,21.1875,19.625,22.75,25.375,26.958333333333332,32.875,6.333333333333333,14.75,9.125,12.4375,13.375,62.1
2003-06-30,0.25,0.75,0.0,0.0,0.0,0.1,0.0,0.0,0.125,0.0,0.0,0.0,0.0,0.0,0.0,0.0,0.0,0.0,0.25,0.0
2003-07-31,0.1875,0.125,0.0,0.0,0.0,0.1,0.0,0.0,0.0,0.0,0.0,0.0,0.0,0.0,0.0,0.0,0.0,0.0,0.0,0.0
2003-08-31,2.4375,1.8333333333333333,0.1875,0.5833333333333334,0.3,0.525,0.5416666666666666,0.16666666666666666,5.875,2.5,1.8125,0.0,2.8333333333333335,3.125,0.08333333333333333,0.21875,0.0625,0.1875,2.625,0.0
2003-09-30,143.75,150.25,119.53125,85.0,97.5,138.325,100.375,73.70833333333333,77.1875,88.8125,78.0,69.5,84.25,90.66666666666667,54.25,59.75,71.875,73.1875,99.4375,76.7
2003-10-31,172.0,95.70833333333333,96.3125,100.20833333333333,98.25,90.525,138.58333333333334,117.25,173.0,203.6875,155.875,141.75,133.0,143.875,150.25,168.375,142.1875,140.3125,139.4375,181.1
2003-11-30,163.84375,134.04166666666666,106.71875,117.3125,126.0,127.975,143.6875,165.66666666666666,129.90625,150.40625,125.375,121.1875,126.58333333333333,143.04166666666666,160.52083333333334,130.03125,150.0,119.625,129.3125,151.9
2003-12-31,233.9375,221.625,136.40625,146.41666666666666,152.85,178.4,169.83333333333334,169.45833333333334,159.1875,145.75,177.125,184.25,160.41666666666666,150.95833333333334,245.25,199.90625,217.0,167.9375,183.5,131.4
2004-01-31,497.25,429.6666666666667,526.3125,451.0,499.175,489.7,432.25,498.5416666666667,439.0,410.8125,418.0625,447.125,430.4583333333333,401.25,463.5833333333333,460.5625,412.3125,427.5625,424.0,413.9
2004-02-29,412.6875,474.3541666666667,468.6875,353.2291666666667,433.6375,456.6,438.375,310.5208333333333,390.40625,373.75,442.1875,395.4375,376.7083333333333,375.0,412.3541666666667,393.125,401.84375,396.96875,405.84375,505.1
2004-03-31,56.4375,58.416666666666664,55.9375,69.3125,74.7625,62.0875,93.5,57.125,134.125,123.4375,111.21875,92.25,84.0,108.04166666666667,152.41666666666666,108.5,140.625,170.125,151.71875,128.3
2004-04-30,173.0625,163.58333333333334,159.265625,115.77083333333333,135.0,163.6375,149.3125,119.29166666666667,173.375,164.0625,117.1875,127.8125,119.8125,137.1875,129.5625,133.609375,181.65625,157.40625,202.71875,33.5
2004-05-31,34.0625,32.291666666666664,17.0,17.541666666666668,24.0,22.875,29.416666666666668,18.75,17.6875,28.125,21.5625,30.25,19.166666666666668,24.791666666666668,11.041666666666666,10.4375,21.375,28.8125,33.75,0.0
2004-06-30,25.6875,13.916666666666666,13.8125,7.166666666666667,9.05,13.025,7.625,4.75,3.4375,5.3125,4.9375,4.375,5.416666666666667,6.541666666666667,1.8333333333333333,4.65625,2.375,2.4375,0.5,0.0
2004-07-31,24.6875,23.875,30.1875,17.541666666666668,43.125,32.4,44.625,13.583333333333334,32.625,40.8125,23.125,20.125,30.791666666666668,40.958333333333336,12.25,19.84375,20.8125,23.4375,26.875,0.0
2004-08-31,0.0,0.0,0.0,0.041666666666666664,0.0,0.0,0.0,0.0,0.0,0.3125,0.0,0.0,0.0,0.0,1.0416666666666667,0.21875,0.875,0.1875,0.3125,0.0
2004-09-30,39.3125,33.708333333333336,46.5,31.666666666666668,27.55,39.075,36.166666666666664,49.541666666666664,19.4375,19.0625,43.375,48.0,49.041666666666664,26.291666666666668,22.75,28.84375,40.0,20.3125,23.5,0.0
2004-10-31,151.375,184.95833333333334,196.1875,175.95833333333334,185.5,216.25,227.875,180.33333333333334,231.25,245.125,226.0,216.5,206.25,217.0,288.9583333333333,272.9375,279.9375,235.8125,302.3125,139.0
2004-11-30,303.46875,265.1666666666667,269.515625,230.89583333333334,241.625,240.275,201.91666666666666,183.64583333333334,153.4375,156.25,180.28125,193.6875,210.04166666666666,164.02083333333334,146.14583333333334,131.546875,146.09375,152.84375,157.28125,194.9
2004-12-31,135.75,158.54166666666666,204.359375,179.95833333333334,191.5,198.225,198.66666666666666,181.625,163.5,168.875,144.0625,149.25,166.20833333333334,190.0,230.45833333333334,150.0,155.3125,154.625,153.75,124.3
2005-01-31,241.21875,269.7083333333333,301.984375,257.125,257.7375,279.925,278.7916666666667,295.6875,277.5625,207.53125,217.4375,252.0625,285.0833333333333,241.22916666666666,262.3125,254.203125,247.1875,236.3125,265.8125,285.8
2005-02-28,121.96875,148.47916666666666,204.5625,153.77083333333334,162.675,160.1,151.375,134.75,203.15625,192.65625,176.34375,149.625,138.91666666666666,142.1875,167.60416666666666,179.984375,232.9375,167.6875,185.15625,116.84
2005-03-31,209.15625,222.02083333333334,213.34375,223.625,216.8125,207.1375,246.5,239.72916666666666,246.40625,268.4375,226.96875,241.375,226.70833333333334,286.4583333333333,207.39583333333334,203.015625,240.5,260.4375,215.9375,135.2
2005-04-30,67.28125,66.8125,77.90625,101.45833333333333,96.85,83.0,102.29166666666667,119.72916666666667,82.46875,95.625,91.28125,118.625,108.35416666666667,86.875,61.270833333333336,78.25,73.21875,65.1875,64.125,129.6
2005-05-31,10.6875,9.708333333333334,9.3125,12.5,12.75,11.025,10.041666666666666,2.9583333333333335,3.75,2.375,2.1875,2.125,4.75,4.958333333333333,0.4583333333333333,1.8125,0.5625,1.5,1.4375,35.7
2005-06-30,21.3125,25.708333333333332,21.125,17.666666666666668,21.1,23.725,23.416666666666668,16.916666666666668,28.5,27.0,24.5,20.5,18.583333333333332,23.833333333333332,43.666666666666664,31.1875,36.5,28.25,32.625,0.0
2005-07-31,5.875,8.625,4.65625,6.875,8.95,9.35,10.958333333333334,4.541666666666667,13.9375,13.3125,11.5,9.75,8.916666666666666,11.0,15.416666666666666,12.9375,16.125,14.125,16.25,0.0
2005-08-31,0.0625,0.041666666666666664,0.0,0.0,0.0,0.0,0.0,0.0,1.9375,1.75,0.75,0.0,0.0,0.0,1.125,0.34375,1.625,1.6875,2.0,0.0
2005-09-30,84.25,102.25,105.03125,80.0,92.55,96.35,104.20833333333333,116.29166666666667,79.4375,103.125,87.375,95.375,89.25,81.625,65.95833333333333,82.15625,75.625,75.6875,126.1875,125.2
2005-10-31,152.6875,190.08333333333334,113.4375,79.625,94.575,145.975,111.41666666666667,78.33333333333333,95.0625,87.6875,55.6875,56.25,68.25,84.5,84.95833333333333,86.78125,75.5625,72.0625,86.1875,202.2
2005-11-30,180.78125,186.79166666666666,140.90625,180.35416666666666,164.875,196.4125,224.95833333333334,153.77083333333334,207.5625,207.25,179.21875,150.3125,175.72916666666666,214.95833333333334,272.2708333333333,186.84375,244.625,216.25,230.6875,221.5
2005-12-31,334.0625,366.25,333.078125,367.6458333333333,339.3375,353.8125,413.9375,436.2083333333333,422.53125,429.28125,475.625,498.6875,400.7708333333333,423.5625,482.5833333333333,491.953125,439.03125,464.71875,413.5,621.6
2006-01-31,204.90625,178.1875,171.65625,191.9375,194.2125,174.15,241.625,193.95833333333334,203.15625,212.25,243.0625,216.0625,217.9375,226.35416666666666,236.08333333333334,246.765625,199.0625,215.0625,203.8125,238.62
2006-02-28,196.625,206.14583333333334,163.859375,178.27083333333334,173.55,212.525,201.25,162.20833333333334,159.625,168.9375,191.875,178.4375,190.89583333333334,199.95833333333334,196.4375,188.59375,175.65625,182.3125,174.875,242.4
2006-03-31,299.40625,304.6041666666667,281.9375,297.25,291.0625,283.8125,332.5,315.75,328.625,312.0625,305.25,323.6875,317.4583333333333,336.1875,210.85416666666666,298.140625,229.5625,269.09375,255.625,274.2
2006-04-30,135.25,126.25,112.28125,84.91666666666667,104.875,112.275,105.54166666666667,85.20833333333333,97.5625,83.5625,80.4375,84.125,82.0,81.79166666666667,91.5,94.40625,77.0,78.6875,91.8125,102.6
2006-05-31,11.6875,13.458333333333334,11.15625,10.083333333333334,15.5,17.75,19.916666666666668,9.666666666666666,19.875,18.5625,17.8125,12.75,12.208333333333334,16.833333333333332,22.541666666666668,18.40625,21.75,19.3125,23.625,7.5
2006-06-30,0.4375,2.25,3.1875,4.208333333333333,3.9625,3.55,4.458333333333333,3.875,5.5625,5.75,5.75,5.0,4.75,5.125,9.416666666666666,6.9375,8.0,6.625,6.875,0.0
2006-07-31,15.9375,12.5,11.5,6.0,7.875,10.275,6.708333333333333,4.0,2.1875,0.0,0.25,0.25,2.75,4.958333333333333,0.4166666666666667,0.25,0.375,0.375,0.25,0.0
2006-08-31,4.125,4.5,3.875,2.0416666666666665,3.825,5.25,4.708333333333333,1.8333333333333333,1.6875,3.1875,4.625,2.75,2.3333333333333335,3.9583333333333335,5.125,4.875,1.5,3.625,3.25,4.1
2006-09-30,83.0625,68.75,49.40625,44.166666666666664,48.925,44.725,46.291666666666664,39.708333333333336,47.25,39.375,36.5625,28.0,37.833333333333336,41.375,56.125,45.625,47.0625,49.5625,45.9375,44.7
2006-10-31,178.21875,201.14583333333334,253.234375,209.97916666666666,218.375,283.1125,239.79166666666666,212.625,188.5,158.625,247.96875,264.9375,243.70833333333334,234.375,191.64583333333334,189.5625,172.5,180.53125,163.21875,280.2
2006-11-30,178.75,159.16666666666666,211.625,216.125,207.775,198.175,232.125,254.54166666666666,211.75,250.125,244.4375,232.75,248.75,228.25,277.2916666666667,252.5,271.4375,232.0625,242.5625,124.10000000000001
2006-12-31,206.40625,210.125,163.5,236.27083333333334,167.8125,188.9375,189.625,236.0,187.0,219.3125,210.25,206.5,248.60416666666666,217.8125,197.25,184.59375,169.0625,187.25,191.625,247.8
2007-01-31,126.21875,111.75,86.359375,139.54166666666666,99.5375,91.675,85.64583333333333,199.02083333333334,111.65625,126.40625,155.0625,143.875,159.33333333333334,104.72916666666667,274.9791666666667,211.734375,219.40625,167.03125,135.40625,384.6
2007-02-28,129.03125,94.10416666666667,98.046875,151.52083333333334,132.2,77.525,88.83333333333333,218.02083333333334,102.6875,114.53125,159.0625,222.4375,183.8125,115.83333333333333,278.2916666666667,183.84375,209.5625,177.375,154.1875,302.7
2007-03-31,102.46875,73.1875,46.859375,28.104166666666668,34.1375,47.375,20.270833333333332,40.104166666666664,17.90625,25.5,29.59375,27.375,24.5625,17.770833333333332,78.1875,40.765625,72.28125,32.78125,43.75,192.70000000000002
2007-04-30,70.6875,62.958333333333336,75.03125,50.125,60.0,58.85,57.208333333333336,52.125,47.5625,46.4375,37.1875,33.0,40.583333333333336,56.083333333333336,61.166666666666664,35.9375,44.0,38.25,50.75,21.0
2007-05-31,5.3125,4.625,7.3125,8.916666666666666,9.95,6.475,10.125,7.333333333333333,4.75,5.4375,7.1875,7.375,7.583333333333333,7.708333333333333,10.75,6.90625,6.25,5.4375,4.0,0.0
2007-06-30,1.75,0.9583333333333334,0.71875,0.0,0.375,0.6,0.125,0.0,0.0,0.0,0.0,0.0,0.0,0.0,0.20833333333333334,0.0,0.0625,0.0,0.125,0.0
2007-07-31,14.6875,10.041666666666666,8.09375,8.208333333333334,7.775,8.175,7.208333333333333,6.541666666666667,7.0625,7.375,6.25,6.375,7.708333333333333,7.416666666666667,4.375,4.65625,4.3125,4.875,3.6875,17.5
2007-08-31,0.125,0.25,0.0,0.0,0.0,0.05,0.08333333333333333,0.0,0.25,0.25,0.0,0.0,0.0,0.16666666666666666,0.0,0.0,0.25,0.25,0.5,0.0
2007-09-30,6.9375,4.125,16.09375,13.375,10.075,12.35,6.25,22.708333333333332,3.25,8.75,14.0,16.75,15.875,7.041666666666667,15.833333333333334,14.5625,10.625,10.0625,7.875,0.6
2007-10-31,60.25,40.083333333333336,45.28125,29.291666666666668,33.275,35.2,19.208333333333332,35.958333333333336,14.4375,18.1875,29.6875,32.0,26.541666666666668,18.166666666666668,53.583333333333336,40.53125,45.875,35.8125,38.4375,7.8
2007-11-30,111.28125,93.4375,64.625,74.3125,51.5125,67.45,30.9375,79.9375,27.34375,41.46875,58.65625,54.375,53.083333333333336,36.125,85.9375,62.375,71.90625,44.5625,47.75,66.8
2007-12-31,94.15625,59.75,66.984375,156.6875,101.8125,53.35,57.875,238.9375,65.84375,114.65625,159.875,179.5,143.54166666666666,91.77083333333333,196.85416666666666,172.578125,140.71875,145.875,120.90625,244.29999999999998
2008-01-31,135.53125,111.72916666666667,108.1875,138.79166666666666,85.975,81.1375,60.479166666666664,151.5625,92.25,145.5,169.96875,155.0,139.375,86.4375,247.83333333333334,193.859375,191.40625,198.03125,166.5625,343.9
2008-02-29,129.4375,97.1875,96.71875,103.70833333333333,80.3625,83.7375,58.0,167.10416666666666,73.65625,112.53125,176.4375,166.375,126.04166666666667,66.875,282.3333333333333,227.0625,244.5,174.03125,173.4375,401.90000000000003
2008-03-31,76.53125,54.0,66.5625,94.85416666666667,61.8875,46.175,47.979166666666664,149.125,55.8125,96.375,124.75,98.5625,97.9375,61.791666666666664,210.9375,140.34375,152.09375,150.84375,102.625,225.9
2008-04-30,55.75,34.1875,56.125,49.5625,45.275,36.075,26.229166666666668,61.104166666666664,28.40625,34.28125,48.03125,48.8125,47.708333333333336,30.395833333333332,86.29166666666667,75.8125,67.625,58.65625,46.0625,91.4
2008-05-31,34.6875,20.833333333333332,13.125,4.958333333333333,4.05,11.175,5.0,2.1666666666666665,7.25,7.0625,1.875,1.125,1.3333333333333333,3.875,0.6666666666666666,1.46875,1.875,5.1875,8.375,40.4
2008-06-30,11.375,15.625,15.9375,13.875,16.625,17.525,18.916666666666668,9.958333333333334,18.125,15.75,12.125,11.5,13.25,17.541666666666668,4.0,8.0625,8.1875,11.75,12.5,0.0
2008-07-31,0.0,0.0,0.0,0.0,0.0,0.0,0.0,0.0,0.125,0.0625,0.0,0.0,0.0,0.0,0.0,0.0,0.1875,0.0,0.25,0.0
2008-08-31,0.0625,0.0,0.03125,0.08333333333333333,0.225,0.025,0.08333333333333333,0.041666666666666664,0.0,0.0,0.0,0.0,0.0,0.0,0.0,0.09375,0.0,0.0,0.0,0.0
2008-09-30,14.9375,16.75,13.96875,17.75,14.95,11.975,8.333333333333334,17.25,7.375,10.3125,11.6875,9.75,13.125,8.375,36.458333333333336,19.625,24.0625,17.125,20.9375,41.2
2008-10-31,22.6875,22.166666666666668,46.84375,53.083333333333336,42.6,28.65,27.416666666666668,47.416666666666664,28.0625,60.6875,93.3125,48.75,72.20833333333333,29.916666666666668,84.45833333333333,114.40625,86.625,104.0,69.3125,72.1
2008-11-30,108.875,90.02083333333333,166.515625,122.41666666666667,125.5875,103.4875,69.04166666666667,128.20833333333334,88.09375,102.21875,113.34375,112.6875,107.97916666666667,94.60416666666667,128.375,125.78125,108.9375,93.25,88.0625,175.7
2008-12-31,156.875,146.8125,128.78125,128.79166666666666,133.45,122.2125,123.10416666666667,173.75,180.5625,204.96875,241.65625,226.9375,183.89583333333334,153.02083333333334,233.3125,220.109375,183.75,194.34375,189.5625,369.4
2009-01-31,103.3125,112.04166666666667,131.34375,258.9583333333333,178.85,136.025,195.29166666666666,225.70833333333334,250.3125,231.5,235.5625,249.625,232.29166666666666,257.0833333333333,284.5833333333333,245.5,255.625,207.625,222.4375,20.7
2009-02-28,265.9375,268.0833333333333,294.140625,283.1041666666667,287.975,279.975,295.5625,237.91666666666666,275.375,291.84375,276.375,257.25,271.25,264.3125,244.70833333333334,279.09375,275.1875,333.5625,285.3125,342.0
2009-03-31,237.09375,240.60416666666666,191.03125,187.29166666666666,170.8875,173.775,133.33333333333334,166.52083333333334,160.875,150.53125,177.15625,154.6875,171.29166666666666,163.45833333333334,237.375,207.9375,248.84375,203.28125,232.59375,69.6
2009-04-30,115.75,143.33333333333334,147.25,165.4375,143.7625,127.55,129.85416666666666,181.35416666666666,195.5,201.8125,172.625,159.8125,162.5,163.70833333333334,235.5,218.140625,345.03125,224.25,267.125,68.2
2009-05-31,31.1875,33.208333333333336,27.28125,16.291666666666668,20.55,27.7,26.833333333333332,12.041666666666666,23.5625,20.9375,15.625,12.75,14.791666666666666,25.25,20.291666666666668,16.90625,20.1875,15.875,17.5625,10.0
2009-06-30,48.0625,37.958333333333336,40.5625,39.708333333333336,40.4,38.25,38.208333333333336,40.833333333333336,30.6875,26.25,28.0,38.5,40.458333333333336,38.125,33.083333333333336,23.3125,22.625,21.6875,25.125,0.0
2009-07-31,1.1875,0.375,0.0,0.0,0.0,0.225,0.0,0.08333333333333333,0.0,0.0,0.0,0.0,0.0,0.0,0.25,0.125,0.0,0.0,0.0,6.7
2009-08-31,66.875,68.25,43.625,45.958333333333336,61.35,62.9,63.875,36.75,64.875,76.3125,47.6875,49.75,55.666666666666664,68.29166666666667,62.375,68.28125,72.4375,70.1875,78.375,57.5
2009-09-30,36.5625,43.708333333333336,41.4375,43.208333333333336,42.9,45.35,54.541666666666664,48.416666666666664,65.9375,73.375,63.375,56.625,60.125,58.416666666666664,56.125,64.59375,61.1875,62.375,66.75,86.9
2009-10-31,94.25,112.83333333333333,126.90625,168.625,155.275,123.15,128.04166666666666,158.58333333333334,168.9375,186.8125,181.6875,168.75,178.41666666666666,171.33333333333334,174.95833333333334,199.34375,212.75,202.125,262.0625,122.5
2009-11-30,341.78125,320.8958333333333,238.4375,234.97916666666666,201.0875,214.15,214.10416666666666,262.0,273.90625,280.5625,355.0,278.8125,285.0,262.1875,269.0833333333333,285.21875,288.25,272.71875,281.78125,117.4
2009-12-31,305.40625,313.9791666666667,335.859375,308.375,350.3625,333.4,355.4166666666667,341.7708333333333,350.3125,330.53125,351.90625,313.75,324.9375,350.5416666666667,307.5416666666667,350.921875,350.09375,349.09375,339.25,195.3
2010-01-31,217.90625,214.77083333333334,148.625,199.4375,180.65,173.975,204.75,246.52083333333334,356.15625,383.78125,305.875,250.25,247.39583333333334,254.39583333333334,334.0208333333333,335.359375,285.8125,365.15625,386.34375,367.8
2010-02-28,139.46875,89.97916666666667,38.203125,104.02083333333333,51.8375,64.8875,69.95833333333333,131.16666666666666,125.8125,276.4375,132.90625,124.5625,132.45833333333334,94.52083333333333,216.75,164.640625,213.28125,145.90625,181.59375,271.5
2010-03-31,189.125,227.95833333333334,265.21875,208.79166666666666,261.45,303.35,298.5416666666667,185.375,233.375,199.5,169.5,188.25,163.20833333333334,186.33333333333334,182.16666666666666,176.71875,173.1875,207.5625,232.75,167.8
2010-04-30,43.5625,47.75,45.859375,62.083333333333336,48.5125,51.4125,56.166666666666664,50.041666666666664,64.75,61.78125,50.875,47.4375,50.958333333333336,60.125,72.9375,60.265625,82.71875,55.6875,76.4375,0.0
2010-05-31,5.75,3.3333333333333335,0.59375,1.875,0.825,0.675,1.9583333333333333,3.2916666666666665,1.8125,2.8125,3.1875,2.5,3.625,3.375,1.9583333333333333,5.53125,6.1875,8.125,4.6875,0.0
2010-06-30,6.75,11.875,12.25,22.458333333333332,17.725,13.4,17.833333333333332,15.083333333333334,20.5,17.625,15.3125,14.375,22.833333333333332,23.208333333333332,4.875,9.71875,4.5,8.4375,7.75,0.0
2010-07-31,0.6875,1.0833333333333333,0.84375,1.1666666666666667,1.1,1.0,1.25,1.5416666666666667,5.4375,3.6875,2.375,2.0,1.4583333333333333,1.375,10.833333333333334,3.53125,9.9375,3.25,6.4375,0.0
2010-08-31,0.0,0.0,0.0,0.0,0.0,0.0,0.0,0.0,0.0,0.0,0.0,0.0,0.0,0.0,0.0,0.0,0.0,0.0,0.0,0.0
2010-09-30,3.25,4.291666666666667,4.03125,3.1666666666666665,3.3,2.8,2.25,6.5,2.375,3.375,6.5,9.75,5.083333333333333,3.5,9.666666666666666,7.0,9.875,6.25,6.25,16.0
2010-10-31,57.9375,63.833333333333336,94.0625,99.83333333333333,85.425,69.225,93.875,135.16666666666666,117.4375,116.25,129.375,141.0,123.125,103.58333333333333,89.08333333333333,106.21875,90.125,107.9375,98.5625,46.0
2010-11-30,219.3125,265.0,315.34375,321.3333333333333,315.425,315.5,325.8333333333333,320.625,332.0,315.375,325.0625,334.25,329.9583333333333,360.8333333333333,335.3333333333333,287.03125,274.5,289.4375,265.25,198.29999999999998
2010-12-31,204.625,213.4375,260.0625,256.9166666666667,240.7625,235.6375,240.35416666666666,295.5416666666667,261.25,266.125,288.96875,308.25,290.0416666666667,274.7916666666667,370.5833333333333,341.609375,360.03125,302.53125,292.71875,190.6
2011-01-31,365.03125,363.1458333333333,277.03125,276.6666666666667,269.0375,315.975,275.7083333333333,267.125,314.75,325.65625,320.9375,265.5625,281.9583333333333,287.2708333333333,341.5208333333333,315.21875,318.0625,351.0,350.90625,204.7
2011-02-28,168.1875,217.58333333333334,232.1875,232.25,235.025,231.425,250.79166666666666,233.04166666666666,272.875,280.25,243.9375,254.625,260.9583333333333,252.625,279.3333333333333,232.46875,284.3125,275.75,295.8125,180.2
2011-03-31,268.71875,291.9166666666667,241.8125,294.9375,299.05,266.3125,319.5208333333333,262.9166666666667,318.84375,321.15625,288.34375,271.8125,274.3333333333333,284.875,310.9791666666667,302.953125,265.1875,283.25,298.59375,198.29999999999998
2011-04-30,51.3125,52.125,57.65625,60.125,59.95,56.8,63.5,58.541666666666664,71.4375,66.3125,82.125,64.375,67.58333333333333,75.79166666666667,89.45833333333333,71.34375,83.8125,78.5625,87.25,77.9
2011-05-31,9.25,7.208333333333333,1.3125,4.291666666666667,3.525,5.475,7.458333333333333,4.458333333333333,8.0,7.75,6.625,5.625,5.375,6.791666666666667,5.75,6.40625,7.125,7.25,7.75,0.0
2011-06-30,8.1875,10.5,7.6875,8.916666666666666,8.525,12.125,11.666666666666666,9.0,12.5625,12.875,10.6875,9.875,10.833333333333334,10.916666666666666,8.5,9.03125,10.6875,11.1875,12.4375,0.0
2011-07-31,0.0,0.0,0.125,0.0,0.0,0.0,0.0,0.0,1.375,2.375,0.0,0.0,0.0,0.3333333333333333,0.0,0.0,0.0,0.0,2.6875,0.0
2011-08-31,0.25,0.16666666666666666,0.0,0.0,0.0,0.075,0.041666666666666664,0.0,0.0,0.0,0.0,0.0,0.0,0.0,0.0,0.0,0.0,0.0,0.0,0.0
2011-09-30,28.0,50.5,30.3125,21.5,22.15,37.375,29.166666666666668,15.833333333333334,36.0625,38.25,28.875,20.625,17.708333333333332,26.041666666666668,38.25,26.5,24.3125,28.4375,32.3125,21.0
2011-10-31,107.375,142.875,105.5625,139.125,134.75,123.075,146.875,164.04166666666666,142.875,175.5,142.375,128.625,161.83333333333334,198.66666666666666,116.45833333333333,119.71875,107.875,102.5,128.0625,151.8
2011-11-30,156.0625,163.91666666666666,196.40625,211.70833333333334,198.05,170.8,190.875,214.66666666666666,216.4375,228.8125,238.625,247.875,229.08333333333334,227.04166666666666,211.83333333333334,217.25,185.0,183.5625,182.0625,257.9
2011-12-31,194.8125,225.14583333333334,152.5625,207.27083333333334,192.6625,232.875,238.125,224.58333333333334,254.34375,267.9375,272.4375,257.75,243.22916666666666,233.10416666666666,278.4791666666667,295.46875,262.0625,265.03125,271.0,0.0
2012-01-31,335.125,305.5833333333333,272.234375,282.0625,279.6375,286.275,285.8125,351.9375,337.375,307.34375,278.59375,310.25,319.875,295.4583333333333,319.0625,287.609375,295.3125,302.21875,372.96875,223.49
2012-02-29,160.3125,145.875,93.453125,93.52083333333333,112.6125,120.425,99.79166666666667,128.58333333333334,100.0625,90.1875,84.71875,73.6875,93.54166666666667,96.47916666666667,95.5,78.796875,84.90625,92.125,101.65625,128.2
2012-03-31,184.75,139.9375,157.828125,162.27083333333334,167.0375,131.0,138.79166666666666,101.6875,135.34375,145.875,167.78125,110.9375,119.70833333333333,128.54166666666666,148.39583333333334,142.53125,166.40625,146.71875,172.28125,115.1
2012-04-30,92.875,81.04166666666667,60.875,50.666666666666664,66.95,78.2,67.0,49.291666666666664,64.8125,65.25,59.125,66.625,63.708333333333336,68.70833333333333,45.25,52.5625,50.875,53.75,55.375,90.8
2012-05-31,76.9375,75.66666666666667,66.5625,50.791666666666664,51.075,78.05,47.625,51.375,60.6875,58.8125,41.1875,46.75,45.583333333333336,52.25,18.25,36.3125,25.5625,50.6875,47.1875,107.8
2012-06-30,47.9375,39.541666666666664,25.53125,26.416666666666668,30.95,36.225,40.458333333333336,26.5,42.1875,35.8125,27.3125,23.625,30.875,38.291666666666664,14.666666666666666,18.0,17.625,22.0625,26.0,19.0
2012-07-31,0.5,0.75,0.1875,0.5416666666666666,0.575,0.7,1.0,0.375,1.0,1.0,0.8125,0.625,0.7083333333333334,0.9583333333333334,0.375,0.625,0.625,1.0,1.0,0.0
2012-08-31,0.9375,1.25,0.5,0.9583333333333334,1.025,1.225,1.625,0.75,1.875,1.75,1.3125,1.125,1.1666666666666667,1.5416666666666667,0.75,1.0625,1.125,1.5,1.5625,0.0
2012-09-30,114.90625,77.85416666666667,58.046875,95.79166666666667,90.475,68.2375,101.14583333333333,140.9375,100.0625,93.0625,60.8125,85.125,88.5,111.08333333333333,41.75,49.53125,51.9375,60.625,67.8125,92.5
2012-10-31,49.875,55.25,54.75,70.875,62.6,47.175,58.0,92.79166666666667,110.375,93.6875,114.375,75.625,105.79166666666667,91.95833333333333,106.125,109.875,114.6875,93.6875,112.875,30.43
2012-11-30,233.15625,231.72916666666666,197.0,196.64583333333334,205.4375,244.2625,246.35416666666666,200.79166666666666,273.375,267.71875,285.84375,236.3125,214.72916666666666,241.72916666666666,327.9166666666667,312.96875,326.25,296.28125,289.34375,161.6
2012-12-31,143.8125,137.79166666666666,174.109375,196.79166666666666,200.1125,168.4,221.77083333333334,215.60416666666666,205.65625,191.96875,165.40625,194.0625,212.75,221.91666666666666,199.5625,201.46875,202.6875,196.25,217.90625,246.4
2013-01-31,311.625,303.3958333333333,262.484375,264.25,265.6375,298.45,269.3958333333333,302.2916666666667,284.1875,273.75,339.625,271.875,240.85416666666666,241.125,505.6041666666667,402.234375,401.4375,329.875,335.90625,384.7
2013-02-28,201.0,173.85416666666666,91.75,162.41666666666666,156.35,164.325,204.0625,164.47916666666666,215.46875,229.71875,206.84375,201.25,179.52083333333334,199.83333333333334,244.75,232.046875,252.75,221.0625,270.28125,197.6
2013-03-31,267.5,310.2291666666667,269.46875,320.9166666666667,332.8625,296.9375,342.6875,294.6666666666667,380.8125,391.0,401.875,499.0,363.0833333333333,379.0416666666667,388.3333333333333,421.0625,418.40625,439.5625,380.9375,194.4
2013-04-30,69.1875,74.41666666666667,58.359375,107.95833333333333,101.1375,83.4125,104.47916666666667,106.6875,105.8125,120.5,126.6875,119.625,119.85416666666667,114.47916666666667,119.1875,112.890625,118.4375,121.0,109.25,85.5
2013-05-31,10.0,11.875,7.84375,16.0,20.625,13.475,24.583333333333332,25.125,32.875,24.25,21.625,19.125,21.5,25.583333333333332,12.0,17.53125,19.5,19.5,22.6875,68.0
2013-06-30,29.4375,31.166666666666668,14.4375,20.833333333333332,22.8,27.55,34.833333333333336,28.708333333333332,33.5625,35.5625,41.0,43.75,27.666666666666668,35.833333333333336,56.958333333333336,51.5625,41.4375,24.6875,38.375,26.2
2013-07-31,1.3125,3.0833333333333335,4.78125,4.333333333333333,4.55,4.175,4.333333333333333,3.0833333333333335,3.625,3.0625,2.6875,2.875,3.2916666666666665,3.9583333333333335,0.9583333333333334,1.71875,1.625,2.125,2.25,2.4
2013-08-31,0.0,0.0,0.0,0.0,0.0,0.0,0.0,0.0,0.0,0.0,0.0,0.0,0.0,0.0,0.0,0.0,0.0,0.0,0.0,0.0
2013-09-30,21.75,23.375,27.3125,36.166666666666664,28.125,29.375,23.25,28.25,26.125,38.375,40.625,28.75,23.958333333333332,30.333333333333332,32.083333333333336,45.5,34.0,42.5,40.6875,53.8
2013-10-31,196.09375,182.97916666666666,165.953125,269.7916666666667,224.325,181.825,232.625,223.0,240.34375,260.84375,241.46875,230.9375,274.9166666666667,249.60416666666666,202.64583333333334,213.796875,261.90625,237.5,239.0,182.7
2013-11-30,214.8125,126.58333333333333,161.84375,224.95833333333334,227.6,173.1,194.70833333333334,253.04166666666666,152.6875,192.25,204.6875,227.875,235.29166666666666,236.54166666666666,212.20833333333334,221.78125,159.125,202.8125,172.3125,383.8
2013-12-31,269.40625,257.2708333333333,254.4375,298.0833333333333,283.6125,256.7375,292.2291666666667,303.5416666666667,307.09375,276.40625,364.5625,333.25,283.5625,306.9166666666667,257.9791666666667,340.140625,251.6875,295.3125,232.34375,310.6
2014-01-31,203.84375,197.35416666666666,229.046875,226.27083333333334,206.3375,236.7125,203.27083333333334,179.5625,222.625,216.78125,210.71875,192.4375,227.60416666666666,218.375,192.4375,191.6875,274.15625,203.59375,195.375,219.2
2014-02-28,271.65625,249.54166666666666,263.21875,292.0,292.525,292.2625,321.8333333333333,284.2708333333333,281.84375,268.5625,253.71875,263.3125,285.7291666666667,275.625,278.3333333333333,248.34375,223.1875,251.34375,230.34375,308.4
2014-03-31,269.0625,235.08333333333334,184.78125,240.0,219.3125,242.3,257.0625,258.6666666666667,290.28125,279.6875,297.4375,289.25,288.1875,248.97916666666666,303.4583333333333,326.03125,322.15625,296.09375,392.71875,201.3
2014-04-30,226.65625,207.16666666666666,124.390625,142.39583333333334,173.775,158.9375,160.0625,173.66666666666666,162.53125,150.71875,121.09375,124.5,156.64583333333334,142.95833333333334,106.22916666666667,109.078125,111.4375,118.5625,132.1875,13.7
2014-05-31,16.3125,11.458333333333334,23.96875,11.791666666666666,15.55,12.975,8.0,8.25,4.4375,5.375,6.5625,7.625,8.0,6.916666666666667,4.333333333333333,5.78125,5.1875,5.5625,5.0625,8.1
2014-06-30,22.5,20.666666666666668,22.1875,24.291666666666668,21.525,20.55,21.166666666666668,22.166666666666668,20.625,19.8125,18.0625,21.75,24.208333333333332,23.291666666666668,10.916666666666666,16.59375,14.8125,17.25,18.5,6.1
2014-07-31,18.625,15.833333333333334,15.109375,5.791666666666667,6.575,12.225,4.895833333333333,5.916666666666667,5.1875,3.21875,1.59375,1.875,2.8333333333333335,3.5,2.4791666666666665,1.71875,2.46875,2.3125,3.875,7.6
2014-08-31,2.25,0.5416666666666666,0.03125,0.0,0.0,0.125,0.0,0.0,0.0625,0.125,0.0,0.0,0.0,0.041666666666666664,0.5,0.15625,0.25,0.125,0.1875,0.0
2014-09-30,80.375,97.5625,80.78125,77.89583333333333,88.4875,80.775,91.22916666666667,64.02083333333333,78.1875,64.9375,55.625,52.25,61.020833333333336,80.4375,33.3125,43.03125,46.625,50.9375,51.6875,46.1
2014-10-31,76.84375,74.875,37.671875,39.416666666666664,48.575,64.1125,91.54166666666667,44.854166666666664,88.5,93.21875,86.1875,80.875,75.29166666666667,104.16666666666667,31.895833333333332,61.53125,46.59375,74.0625,73.09375,88.4
2014-11-30,118.59375,116.97916666666667,54.328125,81.97916666666667,73.4125,100.675,109.91666666666667,84.9375,130.84375,110.40625,99.96875,77.6875,88.16666666666667,97.66666666666667,118.0,122.28125,136.0,107.0,132.875,138.0
2014-12-31,208.25,219.52083333333334,105.28125,158.45833333333334,168.625,208.05,263.875,233.25,327.1875,316.65625,288.78125,217.625,196.95833333333334,251.85416666666666,266.7916666666667,308.890625,272.28125,322.1875,300.03125,542.5
2015-01-31,70.71875,83.20833333333333,30.015625,37.020833333333336,40.025,69.425,64.60416666666667,54.9375,73.1875,69.4375,56.84375,63.1875,60.270833333333336,57.270833333333336,104.5,63.90625,82.09375,76.28125,57.25,81.2
2015-02-28,178.65625,194.91666666666666,101.203125,150.54166666666666,156.025,177.7625,226.375,164.25,253.28125,214.9375,183.71875,176.375,176.22916666666666,216.47916666666666,150.14583333333334,156.8125,194.53125,196.21875,214.03125,165.9
2015-03-31,155.84375,132.83333333333334,72.203125,115.64583333333333,116.8,131.8125,156.70833333333334,137.35416666666666,172.90625,169.28125,215.9375,350.25,204.29166666666666,184.27083333333334,138.375,147.578125,123.15625,161.59375,124.875,249.2
2015-04-30,107.5625,116.54166666666667,55.875,99.875,117.7375,113.2625,127.4375,89.70833333333333,165.34375,111.09375,96.15625,124.4375,98.5,121.89583333333333,102.66666666666667,90.21875,101.625,94.5625,153.15625,177.10000000000002
2015-05-31,29.5,29.666666666666668,11.6875,30.020833333333332,18.95,19.4625,15.9375,32.666666666666664,37.875,43.09375,28.03125,22.8125,23.958333333333332,19.104166666666668,52.666666666666664,57.4375,58.6875,59.28125,49.59375,27.4
2015-06-30,3.75,3.4166666666666665,2.34375,1.7083333333333333,1.575,2.9,1.4583333333333333,1.4166666666666667,0.875,1.0,1.0625,1.125,1.375,1.125,0.5416666666666666,0.78125,0.6875,0.8125,0.8125,0.0
2015-07-31,18.8125,15.958333333333334,11.09375,9.75,9.225,13.975,11.5,8.375,9.8125,8.875,7.375,7.0,8.416666666666666,10.083333333333334,5.4375,14.328125,7.375,8.625,8.6875,16.6
2015-08-31,4.375,3.9583333333333335,1.90625,4.875,3.425,2.525,6.0,14.75,12.3125,16.625,15.25,17.625,14.958333333333334,9.25,14.791666666666666,15.03125,24.5,19.625,22.25,2.8
2015-09-30,23.25,24.979166666666668,23.1875,18.104166666666668,20.075,23.825,19.875,25.958333333333332,25.875,35.03125,31.0,27.25,21.895833333333332,21.5,55.395833333333336,40.09375,49.0625,37.8125,43.90625,3.0
2015-10-31,88.5625,85.04166666666667,66.09375,97.875,66.9,82.95,69.79166666666667,98.375,66.875,60.75,80.9375,90.5,82.83333333333333,75.54166666666667,61.75,70.78125,53.375,80.8125,75.125,15.5
2015-11-30,198.03125,171.375,115.15625,99.25,113.55,147.2125,125.91666666666667,120.39583333333333,130.375,106.40625,115.8125,146.5,119.3125,130.95833333333334,107.125,110.46875,101.59375,103.15625,101.25,146.3
2015-12-31,103.0625,85.58333333333333,60.21875,72.20833333333333,78.175,84.5,87.35416666666667,68.35416666666667,94.21875,90.65625,85.0625,88.875,84.29166666666667,86.70833333333333,119.5625,110.28125,155.125,106.9375,105.34375,240.4
2016-01-31,266.5,265.8958333333333,152.359375,189.1875,170.85,215.075,195.60416666666666,208.29166666666666,295.4375,244.4375,217.90625,192.5625,180.72916666666666,199.16666666666666,286.4375,245.640625,284.9375,281.21875,303.5625,373.1
2016-02-29,54.1875,43.208333333333336,18.78125,40.208333333333336,37.35,32.925,53.541666666666664,63.583333333333336,78.0625,66.40625,71.1875,64.875,74.14583333333333,66.27083333333333,69.79166666666667,60.09375,58.6875,53.46875,59.90625,29.1
2016-03-31,186.21875,205.35416666666666,85.1875,118.20833333333333,127.4,175.225,182.64583333333334,144.5625,217.75,193.8125,169.625,163.125,148.41666666666666,168.5,177.22916666666666,166.3125,187.8125,160.4375,210.8125,316.7
2016-04-30,33.0,34.458333333333336,19.15625,32.375,30.2,25.7125,30.291666666666668,28.875,25.375,21.09375,23.375,23.1875,27.020833333333332,30.208333333333332,15.833333333333334,18.59375,18.1875,17.71875,22.71875,34.4
2016-05-31,16.46875,17.729166666666668,6.515625,6.583333333333333,6.275,15.375,11.645833333333334,8.6875,17.46875,17.0625,12.25,7.1875,7.125,9.3125,11.520833333333334,14.78125,19.4375,14.21875,22.0,45.5
2016-06-30,6.625,6.375,2.125,3.5416666666666665,3.8,4.85,6.0,2.7916666666666665,8.875,6.5,4.5,3.625,3.75,6.625,4.083333333333333,7.15625,8.125,5.875,6.5,0.0
2016-07-31,0.0,0.041666666666666664,0.0,0.0,0.0,0.0,0.0,0.0,0.0,0.0,0.0,0.0,0.0,0.0,0.0,0.0,0.0,0.0,0.0,0.0
2016-08-31,20.875,15.25,5.15625,2.3125,3.075,6.2,5.958333333333333,2.4791666666666665,5.15625,6.625,5.0625,2.5625,2.4166666666666665,2.9583333333333335,11.854166666666666,8.75,15.6875,8.375,13.28125,10.8
2016-09-30,33.0,26.208333333333332,12.40625,7.458333333333333,19.225,19.15,22.791666666666668,13.291666666666666,27.25,24.5,19.9375,17.625,16.958333333333332,26.541666666666668,21.083333333333332,17.96875,21.875,24.25,25.625,55.6
2016-10-31,75.4375,70.0,33.28125,60.0,60.9,55.4,81.95833333333333,67.29166666666667,109.375,106.6875,93.25,77.5,75.16666666666667,91.41666666666667,95.20833333333333,89.5625,95.1875,99.9375,93.0,168.1
2016-11-30,197.5,174.9375,78.1875,132.22916666666666,139.975,147.1375,208.3125,232.97916666666666,241.40625,223.53125,242.4375,243.0625,198.5625,220.5,263.4166666666667,263.046875,226.34375,242.25,207.875,359.8
2016-12-31,180.59375,182.3125,84.0,164.29166666666666,164.1125,178.1375,240.97916666666666,241.08333333333334,339.125,367.90625,331.71875,294.4375,295.9791666666667,261.9166666666667,329.3333333333333,323.390625,354.9375,361.25,393.15625,233.97
2017-01-31,123.03125,110.16666666666667,42.703125,129.6875,113.725,88.6125,150.97916666666666,179.25,184.09375,174.6875,182.625,176.4375,167.875,172.77083333333334,221.25,199.75,177.4375,205.4375,165.34375,170.4
2017-02-28,142.34375,133.10416666666666,65.96875,73.64583333333333,70.3875,108.9,97.72916666666667,140.77083333333334,128.0,148.0625,177.8125,168.75,118.375,121.8125,258.6041666666667,224.46875,215.6875,160.34375,154.90625,91.8
2017-03-31,155.3125,100.14583333333333,48.4375,84.6875,62.375,74.4,91.27083333333333,138.04166666666666,194.84375,200.21875,175.375,182.75,148.33333333333334,127.5625,212.64583333333334,209.453125,217.65625,217.1875,238.0,264.3
2017-04-30,71.46875,50.9375,21.0,38.375,26.6125,27.0375,31.8125,45.083333333333336,51.46875,63.34375,62.625,54.125,54.208333333333336,46.354166666666664,79.9375,79.171875,79.78125,75.84375,75.28125,73.7
2017-05-31,25.5,21.416666666666668,15.53125,20.458333333333332,23.7,17.725,21.291666666666668,26.916666666666668,25.6875,29.125,24.5,31.25,23.041666666666668,26.25,13.958333333333334,18.65625,16.6875,22.3125,21.8125,37.2
2017-06-30,8.3125,7.25,1.625,2.2083333333333335,2.925,4.825,4.458333333333333,2.5416666666666665,9.6875,4.3125,4.375,4.0,2.7916666666666665,5.083333333333333,2.375,3.9375,4.25,5.3125,11.625,0.0
2017-07-31,0.0,0.0,0.0,0.0,0.0,0.0,0.0,0.0,0.0,0.0,0.0,0.0,0.0,0.0,0.0,0.0,0.0,0.0,0.0,0.0
2017-08-31,31.6875,32.229166666666664,27.25,5.375,20.3375,31.5875,28.5,3.0,20.5625,17.1875,12.875,2.875,7.020833333333333,15.291666666666666,8.1875,10.65625,12.8125,14.1875,17.75,0.0
2017-09-30,11.3125,14.541666666666666,11.84375,2.6666666666666665,11.725,15.1,20.5,2.2916666666666665,21.25,18.6875,15.8125,2.625,6.375,12.916666666666666,12.541666666666666,13.25,15.75,17.625,19.0,14.0
2017-10-31,93.53125,78.97916666666667,71.59375,58.520833333333336,78.75,83.2125,86.20833333333333,60.0625,86.0,110.625,94.5625,61.9375,77.54166666666667,90.83333333333333,83.66666666666667,75.859375,75.0,98.75,89.40625,104.8
2017-11-30,195.6875,190.125,158.078125,150.77083333333334,135.375,173.1375,139.5625,175.625,159.65625,171.9375,169.96875,156.125,167.3125,154.64583333333334,234.83333333333334,179.453125,200.71875,163.9375,167.9375,226.8
2017-12-31,356.03125,362.5625,293.75,330.6041666666667,346.1,333.35,380.1041666666667,340.2083333333333,387.96875,444.65625,385.9375,381.625,359.9375,384.5416666666667,431.4791666666667,392.46875,384.3125,404.8125,405.71875,348.8
2018-01-31,216.9375,181.33333333333334,163.171875,146.70833333333334,145.2625,185.3375,165.75,159.1875,189.875,210.0,169.46875,208.0625,182.97916666666666,160.79166666666666,217.45833333333334,199.234375,244.625,235.40625,237.6875,142.3
2018-02-28,259.65625,220.83333333333334,207.75,169.10416666666666,183.375,210.225,178.625,189.29166666666666,193.0625,211.15625,194.96875,211.5,190.77083333333334,183.625,236.04166666666666,209.9375,238.6875,203.21875,220.1875,360.7
2018-03-31,192.1875,176.875,190.921875,187.79166666666666,171.125,180.6875,162.64583333333334,188.25,213.28125,254.09375,202.375,204.5625,179.91666666666666,183.64583333333334,190.16666666666666,184.65625,198.84375,209.21875,226.9375,234.20000000000002
2018-04-30,71.71875,71.375,77.140625,122.29166666666667,81.4625,98.45,61.208333333333336,190.625,76.625,167.4375,79.0625,77.125,133.83333333333334,88.5,141.22916666666666,95.890625,100.28125,91.5625,76.15625,50.1
2018-05-31,41.25,51.104166666666664,60.96875,53.5625,64.7375,56.7125,52.729166666666664,53.208333333333336,43.34375,42.09375,39.375,37.3125,42.625,46.833333333333336,30.354166666666668,38.234375,35.40625,41.125,39.78125,39.3
2018-06-30,0.5,0.4166666666666667,0.09375,0.125,0.1,0.2,0.16666666666666666,0.08333333333333333,0.25,0.0625,0.0,0.0,0.125,0.125,0.0,0.0,0.0,0.0,0.0,0.0
2018-07-31,0.0,0.0,0.0,0.0,0.0,0.0,0.0,0.0,0.0,0.0,0.0,0.0,0.0,0.0,0.0,0.0,0.0,0.0,0.0,0.0
2018-08-31,9.25,8.354166666666666,9.484375,6.541666666666667,8.225,7.6,11.770833333333334,15.166666666666666,10.78125,9.9375,13.125,18.875,13.625,9.604166666666666,23.520833333333332,21.96875,34.1875,18.125,8.03125,0.0
2018-09-30,58.71875,56.604166666666664,31.421875,52.520833333333336,34.7375,37.3,41.958333333333336,89.22916666666667,63.90625,63.8125,88.0,113.6875,65.72916666666667,59.5625,59.625,90.625,53.1875,63.3125,47.75,115.4
2018-10-31,150.1875,100.77083333333333,38.765625,76.35416666666667,50.75,57.6875,57.770833333333336,104.14583333333333,102.03125,96.84375,122.8125,116.25,91.64583333333333,71.47916666666667,95.41666666666667,108.703125,107.3125,101.25,154.4375,182.1
2018-11-30,241.40625,248.0625,238.921875,266.1875,261.25,247.6125,246.83333333333334,305.5208333333333,321.90625,332.96875,316.90625,344.0,288.3125,270.8333333333333,525.8333333333334,357.265625,398.46875,328.53125,343.0625,262.4
2018-12-31,119.78125,108.875,78.734375,95.75,96.0375,90.4375,119.91666666666667,146.0625,164.90625,170.4375,148.6875,138.5625,130.39583333333334,135.35416666666666,177.97916666666666,186.90625,149.125,142.0,158.65625,397.3
2019-01-31,187.75,175.5,167.078125,191.39583333333334,180.8125,173.9625,175.16666666666666,197.54166666666666,188.375,189.84375,193.40625,193.5,193.10416666666666,187.66666666666666,187.72916666666666,196.53125,193.0,188.0,192.5,161.4
2019-02-28,221.78125,210.16666666666666,150.28125,138.9375,136.3375,172.3625,166.16666666666666,151.6875,205.9375,193.3125,170.53125,149.9375,157.47916666666666,170.14583333333334,233.89583333333334,174.84375,177.5,193.34375,253.9375,161.2
2019-03-31,87.9375,89.14583333333333,81.046875,113.64583333333333,107.425,88.6625,113.9375,133.97916666666666,174.875,164.875,170.9375,137.625,126.3125,121.52083333333333,173.79166666666666,201.921875,218.28125,198.5,186.15625,137.6
2019-04-30,148.53125,106.9375,52.4375,88.54166666666667,88.35,94.0,123.22916666666667,128.25,154.96875,156.28125,131.84375,122.125,127.625,144.35416666666666,149.97916666666666,135.03125,148.71875,141.0625,154.125,148.9
2019-05-31,19.65625,25.041666666666668,13.140625,18.291666666666668,19.7,26.725,27.125,16.104166666666668,23.03125,21.78125,15.1875,13.25,17.6875,22.020833333333332,50.645833333333336,25.53125,31.21875,26.625,29.125,53.0
2019-06-30,0.4375,0.4583333333333333,0.09375,0.2916666666666667,0.375,0.425,0.5416666666666666,0.2916666666666667,0.625,0.5,0.4375,0.375,0.4166666666666667,0.5416666666666666,0.16666666666666666,0.375,0.375,0.5,0.5,0.0
2019-07-31,0.625,0.2916666666666667,0.1875,0.125,0.125,0.2,0.125,0.041666666666666664,0.125,0.125,0.0625,0.0,0.125,0.125,0.375,0.0,0.0625,0.1875,0.1875,0.0
2019-08-31,0.125,0.20833333333333334,0.40625,0.25,0.25,0.275,0.16666666666666666,0.20833333333333334,0.125,0.125,0.25,0.125,0.20833333333333334,0.16666666666666666,0.125,0.1875,0.1875,0.3125,0.125,5.5
2019-09-30,46.875,24.958333333333332,12.6875,13.708333333333334,16.7,22.175,27.458333333333332,19.125,32.625,30.3125,29.875,22.5,18.291666666666668,25.458333333333332,17.541666666666668,21.0,21.8125,28.0,21.5625,18.0
2019-10-31,97.375,80.66666666666667,32.125,65.125,64.3125,68.8,100.85416666666667,105.97916666666667,124.375,119.71875,109.03125,111.125,96.0,103.125,190.64583333333334,157.234375,202.09375,145.75,183.125,178.0
2019-11-30,77.625,37.208333333333336,15.375,31.979166666666668,20.6375,21.975,15.729166666666666,49.166666666666664,14.125,22.0,35.59375,42.125,32.791666666666664,20.666666666666668,86.16666666666667,57.5625,65.125,32.78125,32.375,137.1
2019-12-31,43.84375,30.6875,14.296875,24.583333333333332,15.7875,20.6625,14.666666666666666,49.958333333333336,29.03125,37.875,62.78125,47.9375,36.604166666666664,22.895833333333332,136.1875,103.203125,102.0625,74.15625,62.03125,253.4
2020-01-31,84.71875,48.645833333333336,21.5390625,34.208333333333336,24.3,35.26875,25.072916666666668,87.91666666666667,72.625,92.53125,124.171875,83.21875,62.020833333333336,61.5625,237.0,187.890625,164.125,143.59375,115.78125,277.6
2020-02-29,110.90625,65.47916666666667,25.59375,58.8125,41.9875,36.8,40.270833333333336,82.9375,69.65625,89.375,98.375,59.5625,61.0625,53.5625,128.75,135.46875,114.96875,102.4375,98.46875,279.8
2020-03-31,48.0,36.020833333333336,18.96875,33.6875,26.225,27.4875,38.791666666666664,61.854166666666664,67.59375,71.71875,93.28125,86.0625,60.458333333333336,55.520833333333336,139.6875,145.34375,126.59375,102.75,113.71875,151.6
2020-04-30,38.1875,34.166666666666664,16.546875,53.041666666666664,34.1875,32.85,48.1875,108.83333333333333,126.59375,134.5,128.59375,101.1875,88.75,84.45833333333333,208.75,157.171875,180.625,141.75,137.25,196.9
2020-05-31,41.3125,29.5,27.328125,25.604166666666668,23.5375,23.275,22.333333333333332,22.125,21.375,21.1875,19.0,19.4375,23.520833333333332,23.958333333333332,14.729166666666666,16.875,14.3125,17.1875,14.71875,7.5
2020-06-30,2.3125,0.5416666666666666,0.078125,0.0,0.0,0.0125,0.0,0.0,0.0625,0.1875,0.0625,0.0,0.0,0.041666666666666664,0.125,0.0,0.0,0.0,0.0,0.0
2020-07-31,0.0,0.0,0.0,0.0,0.0,0.0,0.0,0.041666666666666664,0.125,0.125,0.125,0.125,0.041666666666666664,0.0,0.125,0.125,0.125,0.125,0.125,0.0
2020-08-31,0.0,0.0,0.0,0.0,0.0,0.0,0.0,0.0,0.0,0.0,0.0,0.0,0.0,0.0,0.5,0.5,0.5,0.5,0.6875,0.0
2020-09-30,35.0625,31.333333333333332,29.796875,19.541666666666668,24.9375,31.625,27.833333333333332,13.791666666666666,32.03125,25.96875,20.1875,17.5625,20.083333333333332,27.208333333333332,15.479166666666666,17.90625,22.09375,22.21875,29.0,11.6
2020-10-31,83.9375,120.0,81.109375,94.27083333333333,91.05,96.35,98.47916666666667,134.91666666666666,122.4375,121.34375,110.625,113.0,102.54166666666667,111.60416666666667,182.375,153.546875,192.71875,142.5625,157.84375,140.7
2020-11-30,43.65625,52.395833333333336,68.578125,74.14583333333333,66.8,68.1875,74.375,65.5,100.46875,95.46875,73.65625,65.125,77.8125,82.5,58.958333333333336,62.171875,51.90625,60.75,51.78125,124.30000000000001
2020-12-31,221.34375,254.52083333333334,259.6875,190.8125,215.2125,250.2,193.72916666666666,201.10416666666666,224.40625,225.84375,238.59375,179.875,184.35416666666666,205.41666666666666,248.14583333333334,237.234375,259.8125,245.78125,214.28125,283.1
2021-01-31,151.65625,159.54166666666666,171.0625,218.0625,177.9125,158.5875,169.25,256.6458333333333,188.4375,193.4375,206.8125,276.25,242.45833333333334,189.83333333333334,187.64583333333334,230.234375,246.03125,239.21875,214.71875,179.1
2021-02-28,150.84375,155.85416666666666,141.28125,156.41666666666666,131.15,148.45,151.91666666666666,208.3125,139.75,143.46875,169.34375,194.6875,175.33333333333334,146.97916666666666,243.14583333333334,214.296875,190.125,162.6875,172.09375,126.3
2021-03-31,189.03125,166.02083333333334,186.65625,226.9375,205.35,185.1125,201.25,243.60416666666666,191.0625,212.4375,214.0,233.9375,213.1875,186.70833333333334,288.5208333333333,233.21875,260.71875,222.21875,232.875,205.39999999999998
2021-04-30,73.9375,61.041666666666664,50.6875,78.47916666666667,66.2625,57.0875,69.66666666666667,68.16666666666667,65.625,65.125,69.25,71.8125,70.0625,64.45833333333333,92.66666666666667,72.109375,78.875,66.5625,72.9375,68.1
2021-05-31,62.46875,70.6875,39.25,28.125,28.5625,48.3375,26.645833333333332,19.416666666666668,22.75,23.875,27.4375,21.125,24.541666666666668,23.666666666666668,20.708333333333332,23.8125,20.09375,20.96875,20.1875,50.0
2021-06-30,4.1875,4.0,2.71875,1.125,1.95,3.525,2.0208333333333335,0.2916666666666667,1.75,1.375,0.75,0.125,0.9583333333333334,1.4583333333333333,0.041666666666666664,0.15625,0.625,1.25,2.6875,0.2
2021-07-31,0.25,0.041666666666666664,0.125,0.0,0.0,0.025,0.0,0.0,0.0,0.0,0.0,0.0,0.0,0.0,0.0,0.0,0.0,0.0,0.0,0.0
2021-08-31,0.625,0.75,0.6875,0.041666666666666664,0.0,0.125,0.0,0.041666666666666664,0.8125,0.125,0.0,0.0,0.041666666666666664,0.0,0.0,0.0,0.0,0.0,0.125,0.0
2021-09-30,30.75,30.458333333333332,18.0625,13.895833333333334,16.875,18.2,16.708333333333332,13.791666666666666,32.6875,33.6875,34.625,17.125,16.875,17.208333333333332,38.416666666666664,40.71875,46.5625,44.3125,47.25,21.0
2021-10-31,97.1875,116.3125,106.046875,94.75,93.3,109.9375,104.58333333333333,112.41666666666667,106.03125,94.25,129.125,129.375,105.75,93.3125,147.0,125.234375,116.71875,125.46875,99.40625,253.9
2021-11-30,279.625,318.0,239.953125,246.85416666666666,224.975,280.0625,238.16666666666666,284.0625,266.5,263.1875,267.9375,302.4375,318.3333333333333,270.8333333333333,278.3541666666667,266.96875,268.09375,262.125,255.25,259.6
2021-12-31,311.5625,261.4791666666667,216.859375,272.5833333333333,226.7875,197.3875,233.45833333333334,297.5416666666667,282.1875,333.375,313.71875,309.1875,304.2083333333333,295.875,354.7291666666667,312.0625,329.46875,309.34375,314.15625,346.4
2022-01-31,60.40625,41.395833333333336,55.03125,146.70833333333334,89.8625,40.5625,85.25,154.22916666666666,152.78125,172.28125,180.5,155.875,161.77083333333334,166.70833333333334,253.25,220.015625,232.53125,187.1875,182.625,0.0
2022-02-28,162.15625,137.52083333333334,123.25,213.375,171.4125,114.8375,165.1875,200.3125,165.3125,178.875,201.5625,220.125,210.25,222.45833333333334,188.08333333333334,210.15625,186.96875,181.53125,165.59375,0.0
2022-03-31,136.125,91.70833333333333,105.828125,121.8125,113.6625,72.425,98.35416666666667,101.75,151.9375,150.625,134.84375,107.25,113.35416666666667,139.89583333333334,162.85416666666666,151.328125,161.59375,159.625,154.34375,0.0
2022-04-30,18.65625,35.666666666666664,19.84375,28.416666666666668,21.1125,18.1,16.875,38.75,16.9375,16.09375,23.34375,29.1875,27.770833333333332,17.520833333333332,38.625,26.65625,33.9375,25.96875,32.65625,0.0
2022-05-31,0.5625,0.75,1.875,0.9166666666666666,0.925,0.7,0.5,1.875,0.1875,0.3125,2.0,2.25,1.0,0.16666666666666666,2.0,2.4375,1.6875,0.75,0.75,0.0
2022-06-30,5.875,2.1666666666666665,3.015625,0.875,0.9375,1.225,0.3333333333333333,1.6875,0.25,0.375,0.625,0.6875,0.9375,0.5,0.5833333333333334,0.65625,0.5,0.5,0.4375,0.0
2022-07-31,0.125,0.125,0.03125,0.20833333333333334,0.175,0.1,0.08333333333333333,0.375,0.125,0.125,0.125,0.25,0.20833333333333334,0.0,0.0,0.0,0.0,0.0625,0.0625,0.0
